"","MM","GS","group"
"ABCA9",0.520702976482412,0.202260585598887,FALSE
"ABHD3",0.393019246721304,0.122854485057952,FALSE
"ABLIM3",0.397612120746626,0.0885375391840263,FALSE
"ACAD8",0.404823649263115,0.195898941383439,FALSE
"ACBD7",0.410300615063547,0.0927365385649241,FALSE
"ACER1",0.388429247084178,0.155923433643169,FALSE
"ACP4",0.429780203184984,0.144434599006955,FALSE
"ACRV1",0.653033032280564,0.282814863499544,TRUE
"ACYP1",0.498816912152717,0.209915223426991,FALSE
"ACYP2",0.644956085816024,0.262205011126255,TRUE
"ADM2",0.354500761422975,0.183017340424591,FALSE
"AK3",0.471082702469784,0.296888190564157,FALSE
"AKAIN1",0.425551105394786,0.269071048062711,FALSE
"AKTIP",0.432580575040694,0.209979222556176,FALSE
"ALYREF",0.499759757674493,0.222094471439647,FALSE
"ANKLE1",0.422518794620089,0.140205514641407,FALSE
"ANKLE2",0.543423257192523,0.2303274046366,FALSE
"ANKRD24",0.557522949126212,0.244325285379894,FALSE
"ANKRD27",0.380021426030671,0.188306744204566,FALSE
"ANKRD52",0.550679723648416,0.194096936898927,FALSE
"ANLN",0.892593333013032,0.306174014844459,TRUE
"ANP32E",0.482852352324289,0.132954131519094,FALSE
"AP3S2",0.391657652166984,0.174053611775772,FALSE
"ARHGAP11A",0.890077779219506,0.313872947854433,TRUE
"ARHGAP11B",0.567288132655716,0.23313248621467,FALSE
"ARHGAP19",0.387077710541898,0.151456458489748,FALSE
"ARHGAP33",0.614034853866836,0.198498141571828,TRUE
"ARHGEF39",0.815043851754736,0.345973935817518,TRUE
"ARID3B",0.417940099652069,0.104498822746555,FALSE
"ARL6IP6",0.563375490173237,0.127039526463494,FALSE
"ASB11",0.320006433943431,0.0185378501735684,FALSE
"ASF1B",0.874104088318031,0.277240466318451,TRUE
"ASPM",0.824205694428006,0.287494245909043,TRUE
"ASRGL1",0.512402931806283,0.222085548971572,FALSE
"ASXL1",0.474236255215106,0.21006048491118,FALSE
"ATAD2",0.513304907556402,0.263625037339191,FALSE
"ATAD5",0.868790131806821,0.279573608712231,TRUE
"ATAT1",0.395816486078631,0.0735729839071945,FALSE
"ATF3",0.32322579716455,0.162231608325697,FALSE
"ATG4A",0.463794249281944,0.308803435654955,FALSE
"ATMIN",0.443658490048274,0.138567522912076,FALSE
"ATOH8",0.531067346582769,0.220211505959286,FALSE
"ATP6",0.437651027533852,0.143957488034158,FALSE
"ATXN3",0.373929214571977,0.19792757558946,FALSE
"AUH",0.423286396567178,0.180555454283848,FALSE
"AUNIP",0.714108661022076,0.194476050356026,TRUE
"AURKA",0.648251822004444,0.231799315713826,TRUE
"AURKB",0.823409647699647,0.338636457468505,TRUE
"BARD1",0.796496573959479,0.16742191522573,TRUE
"BBOX1.AS1",0.388884984394037,0.267065347665744,FALSE
"BCO2",0.470298223006437,0.280985230369061,FALSE
"BCORL1",0.463960876595446,0.124318582533981,FALSE
"BDNF.AS",0.40827447945272,0.138560713816601,FALSE
"BEND3",0.606341533502204,0.285514493272786,TRUE
"BFSP1",0.457069621943859,0.159885858051349,FALSE
"BIRC5",0.852326093390696,0.319818748159211,TRUE
"BLM",0.777927190651005,0.286342483633346,TRUE
"BNIP3P11",0.518174184869578,0.206775782132738,FALSE
"BNIP3P17",0.483257879131644,0.152001158698492,FALSE
"BORA",0.552563425986663,0.154818463171947,FALSE
"BRCA1",0.772007637667808,0.216416456891631,TRUE
"BRCA2",0.737760836452434,0.23917773003963,TRUE
"BRD9",0.403147955024758,0.169840318101763,FALSE
"BRI3BP",0.507356385829917,0.0939354840025629,FALSE
"BRICD5",0.312342974713324,0.0720590138290006,FALSE
"BRIP1",0.630330344581305,0.0976402634744956,FALSE
"BTNL9",0.581497947283524,0.263476160824789,FALSE
"BUB1",0.897803675848107,0.33117155498854,TRUE
"BUB1B",0.90168945806609,0.310680909168672,TRUE
"BUB3",0.404428262351031,0.16860594001916,FALSE
"C10orf143",0.560800535634344,0.22515658037642,FALSE
"C14orf28",0.454323884897197,0.189916088655605,FALSE
"C18orf54",0.614994900963017,0.239459882872927,TRUE
"C1orf21.DT",0.329864224517867,0.221364916146855,FALSE
"C1QTNF9",0.376234679773243,0.108958824929263,FALSE
"C21orf58",0.713733273539997,0.18383378972979,TRUE
"C4orf3",0.443323615537438,0.219502888633164,FALSE
"C4orf46",0.757156746261205,0.212114853049392,TRUE
"C5orf34",0.806807047117675,0.294056776373872,TRUE
"C9orf40",0.377530388147801,0.141619838326162,FALSE
"CABLES2",0.515604733609466,0.0811526386626929,FALSE
"CABP7",0.391138668712462,0.11255705392879,FALSE
"CAD",0.499465184832829,0.166728917765324,FALSE
"CALCR",0.376302023708849,0.0694007752278892,FALSE
"CAMK1D",0.35877859682473,0.115983106145192,FALSE
"CANT1",0.441119587435484,0.144039794461495,FALSE
"CASP2",0.676283570843376,0.245172442955057,TRUE
"CBFA2T2",0.623651665823277,0.198673441764744,TRUE
"CBR4",0.576215653892789,0.312483615993581,FALSE
"CBX1",0.745323943436761,0.188793478850173,TRUE
"CBX2",0.40493714042011,0.246093909874829,FALSE
"CCDC134",0.428551936811744,0.155645236054647,FALSE
"CCDC138",0.494423862507776,0.253039645744312,FALSE
"CCDC150",0.424515715274837,0.0821155247311027,FALSE
"CCDC163",0.607099571888416,0.155349464158692,TRUE
"CCDC18",0.452672931541532,0.0420183644289486,FALSE
"CCDC34",0.526281008709827,0.167736489100618,FALSE
"CCDC43",0.434853937020644,0.205649823556802,FALSE
"CCDC77",0.373199593752651,0.174852441051109,FALSE
"CCDC88A",0.441831462286269,0.0925341564654042,FALSE
"CCDC97",0.494964985711558,0.244648816744296,FALSE
"CCNA2",0.793591925120792,0.230984799246485,TRUE
"CCNB1",0.868165561210835,0.355704774044578,TRUE
"CCNB2",0.88656422703686,0.339220523433206,TRUE
"CCND1",0.364626652371888,0.147760616261878,FALSE
"CCNE1",0.641134851029819,0.203193519093945,TRUE
"CCNE2",0.586424884520592,0.20503501074545,FALSE
"CCNF",0.861155410095457,0.294698887922458,TRUE
"CCPG1",0.492065425703251,0.144042143384666,FALSE
"CCSAP",0.549313881654101,0.103336202428265,FALSE
"CCT6A",0.389804154889103,0.24910578733121,FALSE
"CD300LG",0.563430292008951,0.296901069347213,FALSE
"CD59",0.417794150174042,0.0356435079846701,FALSE
"CD81",0.482079525888701,0.238082364645437,FALSE
"CDADC1",0.487057368360553,0.222506820484346,FALSE
"CDC20",0.874101027009269,0.336715367599452,TRUE
"CDC25A",0.843960334597593,0.343318664764737,TRUE
"CDC25B",0.567062098050152,0.206270195943096,FALSE
"CDC25C",0.815294543843549,0.31751816984075,TRUE
"CDC37L1",0.593937191590753,0.251148110744744,FALSE
"CDC45",0.856461918510018,0.320407738425488,TRUE
"CDC6",0.885674732110788,0.277883741227205,TRUE
"CDC7",0.784042475873155,0.23232787442723,TRUE
"CDCA2",0.877547858552396,0.326737141731928,TRUE
"CDCA3",0.856599051536936,0.337878702687571,TRUE
"CDCA4",0.80115826235127,0.255894057107461,TRUE
"CDCA5",0.878996740231384,0.330881779024715,TRUE
"CDCA7",0.590553193875571,0.310474184007584,FALSE
"CDCA8",0.912718846563497,0.307173538758,TRUE
"CDH24",0.395795240716615,0.128398022812828,FALSE
"CDK1",0.909561734423391,0.31251954012538,TRUE
"CDK2",0.704910075172474,0.157891749684688,TRUE
"CDK4",0.513959439698023,0.09789129453227,FALSE
"CDKAL1",0.399444493979356,0.119724100032691,FALSE
"CDKN2A",0.403646544960563,0.0909383914118858,FALSE
"CDKN2B.AS1",0.447198160214045,0.129605260795243,FALSE
"CDKN2C",0.530062392764843,0.0923684262034648,FALSE
"CDKN2D",0.339947028091668,0.0682931930153452,FALSE
"CDKN3",0.809782985443426,0.332974871384331,TRUE
"CDNF",0.456608046951857,0.132149190201243,FALSE
"CDT1",0.829804823627266,0.343247236008272,TRUE
"CENPA",0.894911603369879,0.315636438894634,TRUE
"CENPE",0.870457252578437,0.275363294834937,TRUE
"CENPF",0.884817440689297,0.310808035791933,TRUE
"CENPH",0.784368801094877,0.33274593674659,TRUE
"CENPI",0.871223447658441,0.254733914304298,TRUE
"CENPJ",0.640916159092356,0.267767554267055,TRUE
"CENPK",0.843062038525474,0.259799919283611,TRUE
"CENPL",0.830486425650491,0.295479102582962,TRUE
"CENPM",0.803426677536666,0.32047440986141,TRUE
"CENPO",0.783390260879192,0.328411797314942,TRUE
"CENPP",0.493607480029871,0.0549328165755797,FALSE
"CENPQ",0.660482783874874,0.198616841983955,TRUE
"CENPU",0.710274302735447,0.17448332711078,TRUE
"CENPW",0.741935758326327,0.288766968572384,TRUE
"CEP131",0.621279194212914,0.21749732376678,TRUE
"CEP152",0.612320721988723,0.158209146426302,TRUE
"CEP19",0.423371147503155,0.126413923059919,FALSE
"CEP250",0.630788179284371,0.247255014994175,TRUE
"CEP55",0.880966615215237,0.313026336081016,TRUE
"CEP72",0.42986257410918,0.275466673331588,FALSE
"CEP78",0.622263037792391,0.116487025315354,FALSE
"CFAP68",0.450390445161112,0.121616209186689,FALSE
"CFI",0.581056152398621,0.207661394108292,FALSE
"CHAF1A",0.722163373580318,0.210065955692424,TRUE
"CHAF1B",0.847041727451566,0.305708666117875,TRUE
"CHEK1",0.889929548029259,0.349095594348728,TRUE
"CHEK2",0.376047112446909,0.082008996252689,FALSE
"CHORDC1",0.425637417930657,0.191245725581798,FALSE
"CHTF18",0.65878835904045,0.201709189120029,TRUE
"CIP2A",0.889538279184453,0.280040608821451,TRUE
"CIT",0.738296633457002,0.246887843361312,TRUE
"CKAP2",0.651618129363133,0.168194327084798,TRUE
"CKAP2L",0.898814641410666,0.320731740166545,TRUE
"CKAP4",0.502978482413246,0.224889779475406,FALSE
"CKAP5",0.637083971803265,0.196884611873829,TRUE
"CKS2",0.656508779978299,0.266645155319868,TRUE
"CLDN18",0.445327713300541,0.138706811748574,FALSE
"CLGN",0.402974920649796,0.220281135081297,FALSE
"CLSPN",0.887081935552592,0.292807278148299,TRUE
"CNDP2",0.459149458106462,0.24322351281039,FALSE
"CNIH2",0.44362533712839,0.10680232787876,FALSE
"CNOT10",0.411714764375726,0.230493169752877,FALSE
"CNOT9",0.592046001558129,0.196351896277284,FALSE
"CNTNAP1",0.41395336036676,0.13213375731655,FALSE
"COMMD2",0.539220492565611,0.213932595072429,FALSE
"COQ10B",0.360997145190108,0.105211042235377,FALSE
"COQ9",0.507522090885901,0.257226349179645,FALSE
"COX1",0.450701874890118,0.146246100454449,FALSE
"COX18",0.545889813566662,0.232034738904233,FALSE
"COX3",0.46218798345663,0.150436162313453,FALSE
"CPO",0.437222566464217,0.146900873307403,FALSE
"CPSF6",0.680253615708575,0.284198992286895,TRUE
"CSE1L",0.505779689979233,0.236475746763078,FALSE
"CSPG5",0.388193929944934,0.107134300301985,FALSE
"CSRNP1",0.424125727771847,0.161754967696539,FALSE
"CSTF2",0.46019303232433,0.0624991626225172,FALSE
"CSTF3.DT",0.403965593583656,0.195220127723845,FALSE
"CTIF",0.374666354441177,0.237182243204876,FALSE
"CTSO",0.557698493548867,0.273013589866075,FALSE
"CTSV",0.570957974949879,0.231204220684316,FALSE
"CUX1",0.418750066067912,0.155624446556224,FALSE
"CWC27",0.35487855757802,0.208135614323479,FALSE
"CYB5D2",0.64268092740873,0.261490537774802,TRUE
"DAND5",0.476965331273808,0.184731026125201,FALSE
"DBF4",0.749068014697597,0.217232437387619,TRUE
"DBF4B",0.759803611271156,0.220725923965367,TRUE
"DCAF16",0.528867453737353,0.2197007701113,FALSE
"DCLRE1B",0.607824459719311,0.116276798003596,FALSE
"DCLRE1C",0.581266417409968,0.294462836610786,FALSE
"DCP2",0.3671801863986,0.207606809632774,FALSE
"DDIAS",0.707864852484507,0.218713760258233,TRUE
"DDX11",0.633457599706484,0.214293666433593,TRUE
"DDX11.AS1",0.724157444223481,0.335572031564861,TRUE
"DDX23",0.416938226709447,0.0762706117483566,FALSE
"DEK",0.496658278291857,0.100599039487899,FALSE
"DENND4B",0.459630539434677,0.168935735994326,FALSE
"DENR",0.44745069236905,0.173130373194141,FALSE
"DEPDC1",0.867276202895804,0.259869614533648,TRUE
"DEPDC1.AS1",0.545544539356521,0.128337514699453,FALSE
"DEPDC1B",0.843814507155872,0.354073424473538,TRUE
"DEPP1",0.350641289395881,0.0167165981673255,FALSE
"DFFBP1",0.370284963092538,0.152854912422782,FALSE
"DGKZP1",0.353281994365968,0.0278841998208238,FALSE
"DHDH",0.459391580878521,0.152936871174471,FALSE
"DHODH",0.624334293450574,0.229938876684085,TRUE
"DHX37",0.411857081229761,0.181775139158344,FALSE
"DIAPH3",0.634600567814877,0.161980499481709,TRUE
"DKC1",0.385694006648648,0.135682337695846,FALSE
"DLGAP5",0.882507542789072,0.312838448216618,TRUE
"DLK2",0.382807661770285,0.186466715421139,FALSE
"DLST",0.431440204073374,0.200101635567072,FALSE
"DMC1",0.517544935672132,0.109833671314512,FALSE
"DNA2",0.647901745529645,0.170730871424244,TRUE
"DNASE1L3",0.624124808881378,0.219235707477509,TRUE
"DNMT1",0.746580771428279,0.170769433812574,TRUE
"DNMT3B",0.651779647783754,0.20252551046075,TRUE
"DONSON",0.628249357070984,0.175515839768015,TRUE
"DOT1L",0.505089037522307,0.0418234241764273,FALSE
"DPF2",0.408019836478046,0.200212136358899,FALSE
"DQX1",0.497671392056706,0.179141668384056,FALSE
"DR1",0.46814563702126,0.087774156897282,FALSE
"DROSHA",0.479808961812401,0.152506251768053,FALSE
"DSCC1",0.628726456599972,0.314324667685044,TRUE
"DSG2",0.461043239959549,0.0978668754956418,FALSE
"DSN1",0.708808567019864,0.214958804646065,TRUE
"DTL",0.869257891062394,0.320519056372738,TRUE
"DTYMK",0.544897004263215,0.220993603031568,FALSE
"DUSP9",0.454771971385649,0.200034264063827,FALSE
"DVL3",0.555840391054833,0.180968668489592,FALSE
"DYNC1LI1",0.304361787315863,0.216596330997184,FALSE
"DYNLRB2",0.342911329221076,0.0981004149367406,FALSE
"E2F1",0.779913706414939,0.277788433328962,TRUE
"E2F2",0.832490981102642,0.293382637182197,TRUE
"E2F3",0.473506565006585,0.21827280943859,FALSE
"E2F6",0.554136297630797,0.170104532580885,FALSE
"E2F7",0.681135014035025,0.134974140068029,FALSE
"E2F8",0.835131592994412,0.241902104335012,TRUE
"ECT2",0.852328138183678,0.269850873029569,TRUE
"EDC3",0.418384497169372,0.217887158744466,FALSE
"EED",0.41216788866309,0.18021140857894,FALSE
"EFCAB6",0.409333658858376,0.213416657101882,FALSE
"EFTUD2",0.470456255617627,0.149236165878287,FALSE
"EHMT2.AS1",0.471303264913137,0.193327386091745,FALSE
"EIF5",0.366537468165576,0.231781301853348,FALSE
"ELFN1",0.46211535391948,0.216549365404768,FALSE
"ELOVL3",0.425986426850677,0.157979917496492,FALSE
"EME1",0.872040799932257,0.280834441129642,TRUE
"ENAH",0.345369897096027,0.177915357858429,FALSE
"EPPK1",0.42778451068308,0.233072195070098,FALSE
"ERCC6L",0.895823588104077,0.300946600563042,TRUE
"ERI1",0.332028226431538,0.132802740798803,FALSE
"ESCO2",0.75543367212196,0.233050346250859,TRUE
"ESPL1",0.727604016766056,0.182093062302514,TRUE
"ETFA",0.557312513863722,0.241874647013671,FALSE
"EWSR1",0.401264053787428,0.166775131742522,FALSE
"EXO1",0.887986630092892,0.322024194564903,TRUE
"EXO5",0.425237269878556,0.0677162855201631,FALSE
"EXOG",0.363721562410933,0.147927971536206,FALSE
"EZH2",0.872202937339207,0.290629969692154,TRUE
"FAAP24",0.610250951819828,0.296013297511269,TRUE
"FABP4",0.505164354831975,0.234510544719681,FALSE
"FABP6",0.361088473106484,0.192553041315561,FALSE
"FAM107A",0.530633818380701,0.210983237340657,FALSE
"FAM111A",0.39138667459134,0.0489482849510842,FALSE
"FAM111B",0.698401181191389,0.178852739834845,TRUE
"FAM200C",0.547309495510307,0.239583914368054,FALSE
"FAM20C",0.376829588113237,0.0888007440240731,FALSE
"FAM222A",0.375243739594923,0.105867903791236,FALSE
"FAM24B",0.441788791224804,0.260759277604325,FALSE
"FAM43A",0.422082398442241,0.126277888606091,FALSE
"FAM72A",0.800003544374384,0.220555625505133,TRUE
"FAM72B",0.818814454814314,0.217567545474384,TRUE
"FAM72D",0.767700130222362,0.310606811648251,TRUE
"FAM83D",0.572880982028929,0.15148312063187,FALSE
"FANCA",0.553456472242006,0.166327516784566,FALSE
"FANCB",0.832035810970007,0.314428037427085,TRUE
"FANCD2",0.910132534648859,0.339645724206425,TRUE
"FANCE",0.709220413700712,0.225949072625925,TRUE
"FANCG",0.607586046553965,0.238225465248536,TRUE
"FANCI",0.891738092697228,0.309843979605496,TRUE
"FBXL19.AS1",0.422957463621118,0.173159570844889,FALSE
"FBXO43",0.761015225146943,0.267720002044863,TRUE
"FBXO45",0.475806968342489,0.168216211977419,FALSE
"FBXO5",0.737952492911054,0.126159090092598,FALSE
"FBXO8",0.406074032941943,0.224181635271166,FALSE
"FDPSP8",0.365355833222029,0.0738699229797091,FALSE
"FEN1",0.756498983443332,0.276863283691421,TRUE
"FER1L4",0.464880603833055,0.189709871395595,FALSE
"FER1L5",0.48526453441111,0.160275674334094,FALSE
"FIGNL1",0.561806454445454,0.155735530143406,FALSE
"FLVCR1",0.489769993872639,0.282588414317681,FALSE
"FMO1",0.376564463143278,0.0951859905781889,FALSE
"FOXD2.AS1",0.473502942087527,0.167488318230454,FALSE
"FOXK2",0.428261200777945,0.133881728620065,FALSE
"FOXM1",0.865627856025147,0.262278984651737,TRUE
"FOXO1",0.464561325561192,0.204999056118962,FALSE
"FSD1L",0.543750783048112,0.286898387495525,FALSE
"FUS",0.489300377568338,0.23295133386327,FALSE
"FXN",0.439443649990388,0.163255082594455,FALSE
"G3BP1P1",0.493021169087681,0.148242514221545,FALSE
"G6PD",0.527444319787848,0.282493929225469,FALSE
"GABARAPL1",0.668364687308029,0.261760448425161,TRUE
"GADD45B",0.499371395424507,0.179801566864244,FALSE
"GALNT15",0.638860903160035,0.239697781023272,TRUE
"GAS2L3",0.806113021645373,0.291837944241535,TRUE
"GCN1",0.444406482776294,0.12135501349527,FALSE
"GEMIN2",0.409049342478497,0.0743795621368588,FALSE
"GGA3",0.475256204516204,0.164865245484883,FALSE
"GHITM",0.517669740669525,0.245462391938897,FALSE
"GINS1",0.936817576127423,0.331250779150241,TRUE
"GINS2",0.669750599379204,0.221045392437449,TRUE
"GINS3",0.673483678927404,0.185205463202167,TRUE
"GINS4",0.686284924733833,0.182761367291387,TRUE
"GLMN",0.408168084661271,0.143848119499198,FALSE
"GLYATL2",0.364901157889728,0.0940295118825955,FALSE
"GMEB1",0.382632746462727,0.124359899902402,FALSE
"GMNN",0.390533864124793,0.219885799085394,FALSE
"GMPS",0.613671895322809,0.237614638653666,TRUE
"GNA14",0.601750572018115,0.252264666187053,TRUE
"GNAO1.DT",0.457936620357836,0.318159431409774,FALSE
"GNAZ",0.424755727844053,0.273471015036692,FALSE
"GNG12.AS1",0.493331356770386,0.265106151294457,FALSE
"GNG7",0.463922667251318,0.218947610466018,FALSE
"GPATCH1",0.373590168537848,0.17067049600924,FALSE
"GPD2",0.536925461282831,0.16697578886569,FALSE
"GPIHBP1",0.494763575390044,0.165283406107279,FALSE
"GPR137C",0.456708728144081,0.142245838155004,FALSE
"GPR155",0.502336430711105,0.21953796163708,FALSE
"GPR19",0.644498954383989,0.233074535389873,TRUE
"GPRC5D",0.465571043179489,0.18311807769979,FALSE
"GPRIN1",0.435980983200816,0.227184108404191,FALSE
"GPSM2",0.827663338659397,0.20280696939652,TRUE
"GPX3",0.408497921126,0.077456010662094,FALSE
"GRK6",0.358507063038432,0.160673671991932,FALSE
"GRPEL1",0.510717818010127,0.135995889882091,FALSE
"GTF2IRD2",0.459260321938885,0.262227067848454,FALSE
"GTF2IRD2B",0.481552141543859,0.284101229391492,FALSE
"GTF3C2",0.512472337388816,0.202689441356067,FALSE
"GTSE1",0.908387811769653,0.325281654624022,TRUE
"GVQW3",0.45760546408302,0.189384177141561,FALSE
"H1.4",0.395852151840045,0.250806044324494,FALSE
"H1.5",0.431592427599449,0.187680535047225,FALSE
"H2AC12",0.397136785347537,0.133464607117303,FALSE
"H2AC14",0.387095779681679,0.0967956867405546,FALSE
"H2AX",0.686721480723338,0.265808085527845,TRUE
"H2AZ1",0.633897023811444,0.245506126779914,TRUE
"H2AZ2",0.313783683681417,0.00332632364219723,FALSE
"H3C3",0.372601174903724,0.127958529759789,FALSE
"HADHB",0.42491164913463,0.292958704083307,FALSE
"HASPIN",0.840721226192184,0.26751338706306,TRUE
"HAT1",0.38295362004798,0.0870644505049697,FALSE
"HAUS1",0.552153943055379,0.17940355105662,FALSE
"HAUS5",0.607305897679383,0.247350848838824,TRUE
"HAUS6",0.604225568395411,0.145068171484902,FALSE
"HAUS8",0.472935305894986,0.186964869433517,FALSE
"HCCS.DT",0.423675440174274,0.135507113602072,FALSE
"HCFC1",0.535160378560362,0.128593327038596,FALSE
"HDAC1",0.35867743396646,0.179963541114759,FALSE
"HDAC2",0.502075358837226,0.148870814760481,FALSE
"HEATR6",0.461343769979867,0.129958900086497,FALSE
"HEBP1",0.380196684384628,0.154334154173075,FALSE
"HELLS",0.885564075697352,0.297570739611281,TRUE
"HERPUD1",0.514811224422381,0.22102763039525,FALSE
"HJURP",0.917128605686207,0.342167515359839,TRUE
"HLCS.AS1",0.380720892960342,0.158473582363118,FALSE
"HMGA1",0.490097368153528,0.275071579991981,FALSE
"HMGB2",0.750260233868551,0.243672138453357,TRUE
"HMGN1",0.453023830818209,0.175836854467335,FALSE
"HMGN2",0.415321406895209,0.0279709529269674,FALSE
"HMGN4",0.391223974236914,0.165042397778306,FALSE
"HMMR",0.777175781578691,0.247513296784992,TRUE
"HNRNPA2B1",0.433999416157961,0.1541513973269,FALSE
"HNRNPA3",0.613942072843557,0.194372517818242,TRUE
"HNRNPD",0.371764845114438,0.181040113591676,FALSE
"HNRNPH3",0.435413130239165,0.110750665333426,FALSE
"HNRNPL",0.531551513944783,0.175878475405356,FALSE
"HNRNPU",0.517017632259708,0.237634393586364,FALSE
"HNRNPUL1",0.489041044015701,0.111885293375642,FALSE
"HROB",0.825060720655758,0.30860107709056,TRUE
"HSF2BP",0.560551880787539,0.271483634673628,FALSE
"HSPA14",0.46479780181194,0.1756892754436,FALSE
"HTR2B",0.420931929658029,0.101643202446951,FALSE
"IBSP",0.360501118128404,0.141527582281577,FALSE
"IFT172",0.403181008564671,0.12078524336906,FALSE
"IFT56",0.364624194246116,0.112083185193131,FALSE
"IFT80",0.48647217709835,0.163627409539018,FALSE
"IGF2BP1",0.43156873504649,0.296946949174304,FALSE
"IGF2BP3",0.550215341741902,0.208249709230179,FALSE
"IGSF1",0.381255146906188,0.156801346504363,FALSE
"IGSF3",0.479446774473338,0.188515421015489,FALSE
"IKBIP",0.497142065300144,0.229299663327519,FALSE
"ILDR1",0.391556418794993,0.143661828498527,FALSE
"ILF3",0.681507641931221,0.232053185725966,TRUE
"IMMP2L",0.495068375895722,0.211809029970084,FALSE
"INAVA",0.506197588662719,0.220749754001072,FALSE
"INCENP",0.666619371801985,0.177460313444982,TRUE
"INTS7",0.352888359897719,0.106853323924118,FALSE
"IPO9",0.467809433795561,0.146744345962551,FALSE
"IQCB1",0.573280366779262,0.129056011174825,FALSE
"IQCC",0.44738497998031,0.163486416086732,FALSE
"IQCD",0.321751078196536,0.236703156741997,FALSE
"IQGAP3",0.62806003051218,0.302656437427019,TRUE
"ISCU",0.549059223286925,0.195251942140829,FALSE
"ITGB3BP",0.489697257079508,0.219202428553367,FALSE
"ITM2B",0.365988372882617,0.0722587824523445,FALSE
"ITPKA",0.411984251095008,0.153103935258046,FALSE
"KBTBD11",0.460946894925328,0.168078629443822,FALSE
"KBTBD11.AS1",0.476529403366006,0.180822418119255,FALSE
"KCND3",0.43421871537736,0.218421632711956,FALSE
"KCNMB3",0.508166911113601,0.192024679076363,FALSE
"KDSR",0.381214166323327,0.224182021563328,FALSE
"KHDRBS1",0.513074161939142,0.231315085296045,FALSE
"KHSRP",0.474724743820656,0.102006514567826,FALSE
"KIAA1328",0.359568535982153,0.0615586716411998,FALSE
"KIF11",0.925663786720514,0.312423414665461,TRUE
"KIF14",0.818672530327089,0.273879410045238,TRUE
"KIF15",0.87731877295249,0.282734613755869,TRUE
"KIF18A",0.914808330047971,0.325735413456594,TRUE
"KIF18B",0.947962547441802,0.336081949182375,TRUE
"KIF20A",0.87155822893864,0.347477025616865,TRUE
"KIF20B",0.751571676796649,0.235555812727981,TRUE
"KIF22",0.594468973996959,0.161064672985931,FALSE
"KIF23",0.929417170924998,0.316290566880593,TRUE
"KIF24",0.689704666696888,0.186504851727686,TRUE
"KIF2A",0.552620026746756,0.228023368483414,FALSE
"KIF2C",0.906561067247491,0.356296631428515,TRUE
"KIF4A",0.914468679068862,0.31949775823523,TRUE
"KIFC1",0.920269656215966,0.343586553972584,TRUE
"KLF6",0.350238308467903,0.0666815348982471,FALSE
"KMT5A",0.435203288151953,0.15107349450366,FALSE
"KMT5C",0.497179339844672,0.162957595946148,FALSE
"KNL1",0.402902578230647,0.0830588228574691,FALSE
"KNOP1",0.414337726739053,0.216501218303385,FALSE
"KNSTRN",0.634437168486917,0.234492137558738,TRUE
"KNTC1",0.852077705423531,0.27331551958897,TRUE
"KPNA2",0.756672728232889,0.245498266978811,TRUE
"KPNB1",0.566734018036867,0.15832717113806,FALSE
"KREMEN2",0.453830726918559,0.19789408097692,FALSE
"KRT18P5",0.494120932709952,0.241756338783543,FALSE
"LAP3",0.465861857601853,0.219076164940406,FALSE
"LAPTM4B",0.370019272508001,0.273377812690725,FALSE
"LARP4B",0.468223622144151,0.169107720827311,FALSE
"LARP7",0.349640095437764,0.2050623708938,FALSE
"LBR",0.456984044534753,0.28742180992816,FALSE
"LHX3",0.37726933642472,0.171450542442831,FALSE
"LHX4",0.412233371639845,0.212868826864357,FALSE
"LIG1",0.74599585778076,0.211914187117191,TRUE
"LIN9",0.709602820715595,0.26565315426991,TRUE
"LINC.ROR",0.39307923559146,0.0229897735999422,FALSE
"LINC00205",0.480336265126165,0.131863040619826,FALSE
"LINC00324",0.397625491322466,0.0620925139319949,FALSE
"LINC00501",0.380106134555373,0.147605916755409,FALSE
"LINC00628",0.522419513969462,0.217459536855135,FALSE
"LINC00664",0.409524771152389,0.129076287049756,FALSE
"LINC01224",0.615250571579863,0.217828309361207,TRUE
"LINC01252",0.445458824942904,0.231476428102706,FALSE
"LINC01572",0.475094117452188,0.187479148706183,FALSE
"LINC01775",0.468944250222451,0.173550290591595,FALSE
"LINC01876",0.39652345353743,0.164184812384231,FALSE
"LINC01877",0.374150731877692,0.225154254595603,FALSE
"LINC01985",0.457763809622944,0.108752806248131,FALSE
"LINC02323",0.393989818769319,0.188931265768401,FALSE
"LINC02367",0.45006997112738,0.193133423270048,FALSE
"LINC03040",0.456601167255401,0.148384129902469,FALSE
"LMF1",0.519966357088852,0.209809376668788,FALSE
"LMNB1",0.887957093303916,0.327142340656666,TRUE
"LMNB2",0.681702450446733,0.182200795324008,TRUE
"LOC100288637",0.793905814226605,0.288659129049244,TRUE
"LOC101927609",0.394900387630673,0.111279968078007,FALSE
"LOC101927687",0.345055475045222,0.214895895562133,FALSE
"LOC101927793",0.425870184447393,0.218197337588758,FALSE
"LOC101929004",0.376837677778718,0.161940374629698,FALSE
"LOC102723701",0.647998677239175,0.273102531315191,TRUE
"LOC105369344",0.376450866355708,0.178024570935178,FALSE
"LOC105371083",0.507195026620116,0.185429960301687,FALSE
"LOC105371795",0.352522164740907,0.240584335507197,FALSE
"LOC105372321",0.494703906220379,0.153632122564609,FALSE
"LOC124900275",0.365930910630945,0.0785581953101962,FALSE
"LOC124901333",0.545781851705054,0.265398036503667,FALSE
"LOC124902546",0.486611977111818,0.192841268342724,FALSE
"LOC124903670",0.4993725096468,0.169816776767311,FALSE
"LOC127814295",0.472102905856679,0.268505162782726,FALSE
"LOC613266",0.441846471807848,0.188965554086969,FALSE
"LRCH3",0.433635634768257,0.192232521514185,FALSE
"LRCOL1",0.509741940010186,0.182920406470425,FALSE
"LRR1",0.408324486203871,0.0534879978732287,FALSE
"LRRC37B",0.450547239105476,0.166534090820075,FALSE
"LRRC59",0.370663533829883,0.0511539665338397,FALSE
"LSM11",0.3921033194924,0.232739223372693,FALSE
"LSM14A",0.383768243081345,0.182593979134466,FALSE
"LSM14B",0.467873935564212,0.105322245907242,FALSE
"LYPD6",0.460065441486465,0.0834737200881566,FALSE
"LYRM9",0.426885156708086,0.0889120432789114,FALSE
"MACROH2A1",0.538547850127791,0.301647060517585,FALSE
"MAD2L1",0.824093368461575,0.247720318798733,TRUE
"MAGI2.AS3",0.406050720251569,0.206551536921516,FALSE
"MAMSTR",0.446703443835274,0.122711369070977,FALSE
"MAP3K9.DT",0.514906914147791,0.202047022030412,FALSE
"MAPKAPK5",0.476393065777756,0.132781974129867,FALSE
"MAPRE3",0.407445715685832,0.216563855133816,FALSE
"MAST2",0.412156530341807,0.112031312717309,FALSE
"MASTL",0.602146458115753,0.141329736564977,FALSE
"MBNL2",0.387464834140633,0.202580745697555,FALSE
"MCM10",0.911126272917215,0.301330788354589,TRUE
"MCM2",0.704444415532612,0.141961142478198,FALSE
"MCM3",0.783789477921721,0.280890514444713,TRUE
"MCM4",0.788944021699603,0.350934483471625,TRUE
"MCM5",0.753068333500321,0.272517690466387,TRUE
"MCM6",0.823558813805869,0.265959050411917,TRUE
"MCM7",0.741922310846574,0.260280239121231,TRUE
"MCM8",0.793770034276147,0.254035308969489,TRUE
"MDC1",0.588335979950229,0.152604911291933,FALSE
"MDK",0.330070158647421,0.250965837817574,FALSE
"MELK",0.889571484042554,0.305320054267568,TRUE
"MELTF",0.492194877233675,0.183306895683058,FALSE
"MELTF.AS1",0.605951404280177,0.267009128564763,TRUE
"MEP1A",0.488392490031793,0.164767580137566,FALSE
"MESP2",0.418396630214755,0.166475310797255,FALSE
"METTL21A",0.365619271137754,0.14559202935868,FALSE
"METTL4",0.482397609663245,0.112191245516717,FALSE
"MEX3A",0.512925342850807,0.22161697379157,FALSE
"MGME1",0.566841312085916,0.244548399588077,FALSE
"MICB",0.343887406481671,0.148953048721113,FALSE
"MILIP",0.397688210718105,0.266013641238949,FALSE
"MIOX",0.35871904162998,0.108189016990859,FALSE
"MIR100HG",0.581701466587047,0.285271289407948,FALSE
"MIR22HG",0.451521372210848,0.231033335539265,FALSE
"MIR589",0.387422149478022,0.134761574968444,FALSE
"MIR924HG",0.603823545095302,0.147033784429654,FALSE
"MIS18A",0.68709367416463,0.23399129255102,TRUE
"MITD1",0.398061737119548,0.281512157277425,FALSE
"MKI67",0.879302865071331,0.318760305531954,TRUE
"MMADHC",0.359941621079639,0.193386085003123,FALSE
"MMP1",0.41274048361465,0.133358023690723,FALSE
"MMS22L",0.770329083136797,0.216465921193311,TRUE
"MPP2",0.501269056707481,0.132464900427728,FALSE
"MRE11",0.531946659444207,0.246610605412394,FALSE
"MRPL32",0.472514878966361,0.134564222698955,FALSE
"MRPL44",0.377086984936476,0.222097736881131,FALSE
"MSANTD7",0.574524542473837,0.207017979165353,FALSE
"MSH2",0.727632519984782,0.223993389166966,TRUE
"MT1X",0.450588934636266,0.123602567526938,FALSE
"MT2A",0.444921454950006,0.0753564703729658,FALSE
"MTBP",0.686534533181961,0.293987841920771,TRUE
"MTCL2",0.532099951022944,0.171686907102821,FALSE
"MTF2",0.651497547825566,0.1676929007146,TRUE
"MTFR2",0.830309821023434,0.289346558549869,TRUE
"MXD3",0.614853732370321,0.249482720471091,TRUE
"MYB",0.582603324727945,0.127904596799166,FALSE
"MYBL1",0.573826031931517,0.175706086203584,FALSE
"MYBL2",0.888986838218044,0.347161358140974,TRUE
"MYL12A",0.35869245915556,0.0127520562968387,FALSE
"MYO19",0.656842895633144,0.156498351825509,TRUE
"MYOM2",0.421749966235384,0.10678416715345,FALSE
"MZT1",0.457448647349684,0.207123160365502,FALSE
"NAA40",0.65898756084973,0.269853785776523,TRUE
"NAALADL1",0.369148886902954,0.054178560253788,FALSE
"NAALADL2",0.335332230119216,0.236973924127493,FALSE
"NAP1L5",0.373316021216675,0.17406853470161,FALSE
"NASP",0.614307101896307,0.166742179311819,TRUE
"NAXD.AS1",0.490094068831514,0.219094391570021,FALSE
"NCAPD2",0.814908976047027,0.263807900889722,TRUE
"NCAPD2P1",0.508152470217889,0.251825612204494,FALSE
"NCAPD3",0.554014246099648,0.0589065512019877,FALSE
"NCAPG",0.899872070974863,0.314251898878852,TRUE
"NCAPG2",0.76060401868953,0.180833342754558,TRUE
"NCAPH",0.894101538410232,0.289271959947059,TRUE
"NCOA5",0.541881926127533,0.208279555616542,FALSE
"NDC1",0.621724921195515,0.191760462816237,TRUE
"NDC80",0.876093587504583,0.311727057806228,TRUE
"NDE1",0.588482534997792,0.111797507243727,FALSE
"NDEL1",0.374100033176128,0.24135289241984,FALSE
"NDOR1",0.465372771874647,0.140514834456516,FALSE
"NDRG1",0.415101187179981,0.178550205573718,FALSE
"NDUFAF1",0.700377500839093,0.213464425269607,TRUE
"NEB",0.403960635804702,0.0678283388748279,FALSE
"NEIL3",0.727307502799242,0.319564380337549,TRUE
"NEK2",0.885367488340985,0.335491736590152,TRUE
"NEK2.DT",0.439998720757539,0.156652603266979,FALSE
"NEMP1",0.691924625630859,0.169194875757245,TRUE
"NEMP2",0.430337893081577,0.157069742980892,FALSE
"NEURL3",0.475460798367706,0.179892633873749,FALSE
"NMU",0.342258673589901,0.0793099517409572,FALSE
"NONO",0.428145140058618,0.128056946709592,FALSE
"NOSTRIN",0.437642203223833,0.139049807919797,FALSE
"NRAS",0.449892807486927,0.14310450067177,FALSE
"NRBF2",0.360078013668854,0.217455184075423,FALSE
"NRM",0.709242858711443,0.21915789553131,TRUE
"NSD2",0.765331032638428,0.249027151467768,TRUE
"NUF2",0.916582406274842,0.357262868194464,TRUE
"NUP107",0.654625785043079,0.178579918023648,TRUE
"NUP155",0.62797731818572,0.187952042883195,TRUE
"NUP188",0.575886958085299,0.136418621403214,FALSE
"NUP205",0.608709354330439,0.141359165057699,FALSE
"NUP210",0.635832810829606,0.261718397484118,TRUE
"NUP37",0.532139434318445,0.187059206767372,FALSE
"NUP43",0.529279096156772,0.182797427097819,FALSE
"NUP62",0.562882032206313,0.263708506867952,FALSE
"NUP85",0.573372763395756,0.167472181736573,FALSE
"OIP5",0.790065435956417,0.23723590530257,TRUE
"OR7E102P",0.42789841174232,0.138441991205607,FALSE
"OR7E128P",0.391857749254178,0.132195889971469,FALSE
"ORC1",0.852467882935906,0.301064214953057,TRUE
"ORC6",0.842019406210572,0.321589652444512,TRUE
"OSBP",0.473895574950141,0.226389141120412,FALSE
"OTX1",0.430006738558813,0.153748772429677,FALSE
"OVOL3",0.363706197413091,0.106879811126385,FALSE
"P2RX4",0.402968472385529,0.172761619422422,FALSE
"P3H1",0.409044890298477,0.178740551901317,FALSE
"PACRG",0.483813097053433,0.213554964137058,FALSE
"PACSIN1",0.437511686706873,0.123248868448288,FALSE
"PAFAH2",0.479934079520428,0.232134039122828,FALSE
"PAK4",0.493457133475146,0.127856932516713,FALSE
"PAQR4",0.56761703716867,0.181358430615605,FALSE
"PARP1",0.350291852595554,0.198736851262429,FALSE
"PARP2",0.392918640142077,0.0565593283917568,FALSE
"PARPBP",0.84783017272083,0.26741773895575,TRUE
"PASK",0.514673012495053,0.0775995299945759,FALSE
"PBK",0.810427404227314,0.277754397172467,TRUE
"PCLAF",0.777600335105154,0.324061786957302,TRUE
"PCNA",0.651764826100141,0.195368418377641,TRUE
"PDSS1",0.373844809059037,0.118637361888059,FALSE
"PEBP4",0.41696236843107,0.265717767668571,FALSE
"PEG10",0.42441392279886,0.12320921751317,FALSE
"PER1",0.430164147671501,0.184429866025207,FALSE
"PGM5.AS1",0.341406442933226,0.18353423028228,FALSE
"PGS1",0.476672953219026,0.195947883965597,FALSE
"PHF19",0.777717215789324,0.287388834873779,TRUE
"PHTF2",0.448889743668157,0.164070350778003,FALSE
"PIDD1",0.412301349366313,0.139286905721067,FALSE
"PIF1",0.829593255285619,0.318786962729627,TRUE
"PIMREG",0.642220501849027,0.28351302043909,TRUE
"PITPNA",0.33222814686536,0.216964023488651,FALSE
"PKMYT1",0.777891661995509,0.21306834269974,TRUE
"PLA2G12A",0.373558303029187,0.197050097364873,FALSE
"PLAGL2",0.593789320278616,0.153682428025255,FALSE
"PLCG2",0.486020034760041,0.161660671136601,FALSE
"PLK1",0.903695094241237,0.322672624878864,TRUE
"PLK4",0.847895878284598,0.251613225008106,TRUE
"PLOD2",0.384308918590245,0.139303849208752,FALSE
"PLPP1",0.426772095492718,0.153366363885784,FALSE
"PM20D2",0.511773704352117,0.155077184878684,FALSE
"PNPLA7",0.536148145530581,0.310750509153017,FALSE
"POC1A",0.453870568838345,0.163278016932629,FALSE
"POGLUT2",0.410471253711869,0.0492779191859347,FALSE
"POLA1",0.698716997916201,0.220884023047208,TRUE
"POLD1",0.753063390411443,0.192084940992309,TRUE
"POLD3",0.586133290589634,0.215813234288567,FALSE
"POLE",0.363343760814497,0.016450148242623,FALSE
"POLE2",0.640063644205403,0.2194831150429,TRUE
"POLE3",0.407664414238048,0.122381956693155,FALSE
"POLQ",0.902196981790866,0.301523412047171,TRUE
"POP1",0.38492771375711,0.212943346585317,FALSE
"POU2F1",0.476478860190921,0.217388762726316,FALSE
"POU6F1",0.341682905251766,0.13101080394554,FALSE
"PPA2",0.453929117091211,0.157843579886436,FALSE
"PPHLN1",0.487231664069694,0.187477877534866,FALSE
"PPP1CC",0.567462631280022,0.20467752502262,FALSE
"PRC1",0.692920045881648,0.259960884505955,TRUE
"PRC1.AS1",0.463645904335146,0.185019880474965,FALSE
"PRELID2",0.487790558923334,0.155255636144105,FALSE
"PRELID3B",0.38110371063296,0.116730603968241,FALSE
"PRIM1",0.60310603476603,0.129660611767779,FALSE
"PRIM2",0.719557860307672,0.264567425237307,TRUE
"PRKCD",0.567348095992757,0.268362447890327,FALSE
"PRKCI",0.620650186987057,0.227762913823011,TRUE
"PRKN",0.386765873578206,0.128123551753329,FALSE
"PROKR1",0.336783120130579,0.00842204180418265,FALSE
"PRPF38A",0.518214363987107,0.13567288141585,FALSE
"PRR11",0.879051906786053,0.331870974619308,TRUE
"PRR19",0.410218700578144,0.209672696790168,FALSE
"PRTFDC1",0.419192647249581,0.143251349025629,FALSE
"PSIP1",0.491371270132059,0.0672651557906014,FALSE
"PSMC3IP",0.665758414695371,0.185428124821836,TRUE
"PSPH",0.541312893530454,0.203100830742772,FALSE
"PSRC1",0.667624235146363,0.189795031640466,TRUE
"PTBP1",0.486934787853895,0.210650663151826,FALSE
"PTBP3",0.54361089447662,0.24040171257326,FALSE
"PTCHD4",0.455268805299548,0.215281643350175,FALSE
"PTMA",0.408713992653272,0.0913644292834158,FALSE
"PTPDC1",0.501253501061554,0.218212345628716,FALSE
"PTPN23",0.402143705897404,0.267829778624014,FALSE
"PTS",0.431957618115254,0.153348836591506,FALSE
"PTTG1",0.787530279126793,0.353389757300253,TRUE
"PXYLP1",0.380468939172817,0.0712987737574216,FALSE
"R3HDM1",0.451361619155405,0.118915141865345,FALSE
"RACGAP1",0.854278288268951,0.276107837766701,TRUE
"RAD1",0.617470665711284,0.165718822509745,TRUE
"RAD18",0.602181887681538,0.311643511474752,TRUE
"RAD51",0.846473909275166,0.329056515647223,TRUE
"RAD51AP1",0.84761099250192,0.239991585007642,TRUE
"RAD51C",0.489796163994234,0.0829774207041423,FALSE
"RAD51D",0.601718279840686,0.217994531856221,TRUE
"RAD54B",0.495378653815737,0.281510201311823,FALSE
"RAD54L",0.880119402891,0.255892712033959,TRUE
"RAD9A",0.509893268344747,0.18024468452909,FALSE
"RAD9B",0.334416771013221,0.0389991555858627,FALSE
"RADX",0.436103183819252,0.0079951924189578,FALSE
"RAN",0.474168420448541,0.193332067633968,FALSE
"RASSF3",0.528349493314929,0.156657669826745,FALSE
"RBBP7",0.401095599154193,0.112194178103923,FALSE
"RBBP8",0.534297146528604,0.0637528036390364,FALSE
"RBL1",0.857081846310634,0.296555903275649,TRUE
"RBM12B",0.478900436578975,0.175343102586566,FALSE
"RBM14",0.512706624433278,0.206069301317858,FALSE
"RBM17",0.491501368905723,0.149852228837817,FALSE
"RBMX",0.554845358281886,0.231110079740687,FALSE
"RCAN3",0.445182696336089,0.216513386199175,FALSE
"RCC1",0.482980803385123,0.185445194663062,FALSE
"RCC2",0.613511266211875,0.21267595852981,TRUE
"RDM1",0.636353137465725,0.150703770464839,TRUE
"RECQL4",0.64425362557348,0.303370037217691,TRUE
"REEP4",0.47926540731984,0.209077456822543,FALSE
"REEP5",0.582260323568068,0.101816527306352,FALSE
"RENO1",0.446029981330376,0.146246708398396,FALSE
"REXO5",0.557219424903273,0.109555323164995,FALSE
"RFC2",0.445456874932651,0.122517261283687,FALSE
"RFC3",0.572299152402173,0.164527080692481,FALSE
"RFC4",0.832379331075469,0.327140349999166,TRUE
"RFC5",0.683215187186133,0.177908536189109,TRUE
"RFWD3",0.596421237784605,0.201506518946413,FALSE
"RFXAP",0.416105318190425,0.0629591793146793,FALSE
"RHBDD1",0.4089576259702,0.164551401439211,FALSE
"RHEBL1",0.384409518660311,0.101881628297586,FALSE
"RHNO1",0.735240844312869,0.267929587230819,TRUE
"RIBC2",0.701928882358484,0.23698147275395,TRUE
"RILP",0.575962779986051,0.18933950469645,FALSE
"RIPPLY3",0.502387281911465,0.131049296806039,FALSE
"RMI1",0.393279479554657,0.0799551276463838,FALSE
"RMI2",0.730536578458881,0.227196486884945,TRUE
"RNASEH2A",0.531504456889143,0.214241372430057,FALSE
"RNF34",0.615697128842265,0.170105790542147,TRUE
"RNF8",0.44749936389408,0.1083298928988,FALSE
"RNFT2",0.598778596728961,0.270482259713126,FALSE
"RPA1",0.39753648654203,0.0659945965796095,FALSE
"RPAP3",0.414175989140924,0.113383473355229,FALSE
"RPH3AL.AS1",0.475427964660806,0.197064802194616,FALSE
"RPIA",0.441270869960376,0.249978234994853,FALSE
"RPL13P8",0.569303124248422,0.141638110998182,FALSE
"RPL32P20",0.419166832006806,0.106007696273071,FALSE
"RPL37P19",0.345150748693514,0.173902780248251,FALSE
"RRM1",0.613363317961285,0.12570901039677,FALSE
"RRM2",0.830912313768801,0.285574228104287,TRUE
"RSKR",0.449939893086261,0.141353859950915,FALSE
"RTKN2",0.770173310844004,0.310775585651056,TRUE
"RUSC1",0.539819447059084,0.194453930291457,FALSE
"S100PBP",0.542273053106845,0.16229711675793,FALSE
"SAE1",0.592086731355259,0.209302941528181,FALSE
"SALL4",0.464202802652593,0.230351572347616,FALSE
"SAMD4A",0.354825129390365,0.163020915520642,FALSE
"SANBR",0.720080613824406,0.249575741986091,TRUE
"SAP30",0.325288836917117,0.0485582569576272,FALSE
"SAPCD2",0.684579798730902,0.273824463059001,TRUE
"SART3",0.552396256483776,0.107858705177323,FALSE
"SASS6",0.682915814240946,0.164161200666514,TRUE
"SAT1",0.573153800999462,0.162985874838349,FALSE
"SAXO4",0.558566312455712,0.287266627568531,FALSE
"SBDS",0.528635202314852,0.113178652047608,FALSE
"SBF2.AS1",0.432425149580408,0.164255441093773,FALSE
"SBK1",0.401601150245111,0.0663601187046471,FALSE
"SCAT2",0.544431905446648,0.26212041737222,FALSE
"SCIRT",0.519916316282484,0.23525716049567,FALSE
"SCML2",0.516371006468322,0.133061521580015,FALSE
"SCN4A",0.458504503823343,0.240843023504405,FALSE
"SENP8",0.462465783633097,0.225762256857971,FALSE
"SET",0.489841982632866,0.172942225626321,FALSE
"SFN",0.30197280439319,0.123601614538561,FALSE
"SFPQ",0.637281419773179,0.261192730405188,TRUE
"SFR1",0.606930894654512,0.184933705964861,TRUE
"SFSWAP",0.483568215297879,0.145145875129878,FALSE
"SGO1",0.88968015095755,0.348643390965395,TRUE
"SGO2",0.90405669792182,0.318522503087546,TRUE
"SH2D6",0.357662815385284,0.0677255720663146,FALSE
"SHC2",0.397212118244529,0.128805568889967,FALSE
"SHCBP1",0.786020756272234,0.253921956464788,TRUE
"SIAE",0.473942500776252,0.258832074675786,FALSE
"SKA1",0.868223914324608,0.299593247954501,TRUE
"SKA2",0.404629876173754,0.115084938442198,FALSE
"SKA3",0.890018462862641,0.344511438023986,TRUE
"SKP2",0.537101534504283,0.157096943717469,FALSE
"SLBP",0.525698219132325,0.207360132531873,FALSE
"SLC12A4",0.394842170739011,0.118901972816304,FALSE
"SLC23A2",0.44428714020563,0.152697305022746,FALSE
"SLC25A19",0.525175700976443,0.15554165259273,FALSE
"SLC25A4",0.471275480883943,0.18902434186271,FALSE
"SLC36A1",0.44669894908477,0.234933631516838,FALSE
"SLC38A2",0.395162538357729,0.197818343377536,FALSE
"SLC7A10",0.422968553270712,0.211969205233981,FALSE
"SLCO4C1",0.441907518515727,0.0953646530161164,FALSE
"SLF1",0.502249450963115,0.156254554990348,FALSE
"SMARCA4",0.377512013890932,0.143219663989412,FALSE
"SMARCC1",0.53085286137646,0.282666241139198,FALSE
"SMARCD1",0.686971044039822,0.265602849713801,TRUE
"SMC1B",0.551249819283885,0.181842013701896,FALSE
"SMC2",0.625196130561405,0.12186478973787,FALSE
"SMC4",0.556813023585242,0.116072878029295,FALSE
"SMIM45",0.652504789956773,0.296301277692737,TRUE
"SMPD1",0.44158978645545,0.213876396724663,FALSE
"SMPDL3B",0.437613528341522,0.169298520959684,FALSE
"SNHG1",0.545331760345954,0.312216887077761,FALSE
"SNRNP40",0.402639211963359,0.120135336514811,FALSE
"SNX25P1",0.390295857889774,0.204262119769216,FALSE
"SOCS2",0.488556344323992,0.219140276589577,FALSE
"SP100",0.410284724681096,0.169870564533931,FALSE
"SPAG5",0.729218243890168,0.19325782410105,TRUE
"SPAG8",0.382518034624244,0.199486886933678,FALSE
"SPATA18",0.392819489364815,0.310605785985889,FALSE
"SPATS2",0.752085688122935,0.350489840980185,TRUE
"SPATS2L",0.403931490908252,0.12725396705728,FALSE
"SPC24",0.702171708044186,0.251592144513149,TRUE
"SPC25",0.868871043393264,0.338413772561909,TRUE
"SPDL1",0.851905743028103,0.315375105227879,TRUE
"SPIN4",0.52706039744659,0.019014016876839,FALSE
"SPINDOC",0.689389803154538,0.270148404445569,TRUE
"SPRYD7",0.475573547446077,0.133679000871337,FALSE
"SRRT",0.572582214686659,0.210533004223481,FALSE
"SRSF2",0.418094892359915,0.128443568735501,FALSE
"SSRP1",0.548685376640814,0.165258699592663,FALSE
"STAM.DT",0.424228914931871,0.189406715324621,FALSE
"STEAP4",0.569193365685978,0.255291093325945,FALSE
"STIL",0.854928492487899,0.238266188064972,TRUE
"STIP1",0.461445900020627,0.264390590057447,FALSE
"STK26",0.431322494407842,0.056136994727052,FALSE
"STMN1",0.770181712782934,0.27716213523422,TRUE
"STOX1",0.463599372242567,0.182901883851043,FALSE
"STRBP",0.38033812233592,0.173347184837221,FALSE
"STRIP2",0.42530301003518,0.0380116704515706,FALSE
"SUDS3",0.402870034876004,0.0760398517358557,FALSE
"SUGP2",0.474034728594503,0.15013302732045,FALSE
"SUPT16H",0.460966029788495,0.149521038982488,FALSE
"SUV39H2",0.672823840274171,0.225788087248231,TRUE
"SUZ12",0.545416377018161,0.0932830846855344,FALSE
"SYNGR4",0.304125364853408,0.0772891512511453,FALSE
"SYPL1P2",0.411286629196121,0.235532961120824,FALSE
"TACC3",0.819095734877652,0.320126269603052,TRUE
"TAF3",0.4361594483955,0.0772702375064969,FALSE
"TBC1D10A",0.366164442796969,0.132381983972852,FALSE
"TBC1D31",0.475543087598284,0.274260677785014,FALSE
"TCF15",0.399695706328207,0.0587335873386904,FALSE
"TCF19",0.823409621828862,0.257080250396894,TRUE
"TCF3",0.538762081859991,0.207314065120256,FALSE
"TCOF1",0.522346567296079,0.30194950926805,FALSE
"TDG",0.564617729605272,0.239288502144796,FALSE
"TDP1",0.402539608219819,0.0636913590731604,FALSE
"TDRD3",0.430098204957436,0.1621965236314,FALSE
"TDRD5",0.422167940494479,0.156327354373568,FALSE
"TEDC2",0.75989363005025,0.285900809564456,TRUE
"TERT",0.353649266108374,0.104988069571492,FALSE
"TET1",0.660989237470589,0.253079622474557,TRUE
"TEX10",0.433144449914719,0.170325064793661,FALSE
"TFAP2A.AS2",0.365452099915016,0.223245095330715,FALSE
"TFDP1",0.424120569747303,0.10076174568553,FALSE
"TFRC",0.349956714878495,0.166870409544176,FALSE
"THOC1",0.452758220189011,0.122716437439838,FALSE
"THSD1",0.505156159730699,0.174256315034422,FALSE
"TICRR",0.925475035189104,0.341441330364644,TRUE
"TIGD1",0.470807193946724,0.23801984588041,FALSE
"TIGD3",0.308557371010612,0.0662232333624925,FALSE
"TIGD7",0.366738595088118,0.0711120978565162,FALSE
"TIMELESS",0.66654479826537,0.142392604703074,FALSE
"TIPIN",0.564487815099602,0.240779495474179,FALSE
"TK1",0.62661495042918,0.196669515545851,TRUE
"TK2",0.599839991186827,0.24780844124757,FALSE
"TLCD3B",0.464430168248299,0.0807599467956565,FALSE
"TMEM100",0.543269882760542,0.204964852381537,FALSE
"TMEM106C",0.471812516285684,0.176203175606401,FALSE
"TMEM107",0.354753459542089,0.176058023936902,FALSE
"TMEM11.DT",0.404522626034625,0.173091855819797,FALSE
"TMEM129",0.372073818610529,0.185365357189145,FALSE
"TMEM140",0.516089342656498,0.133541779784377,FALSE
"TMEM14B.DT",0.386264769515028,0.0892418744255565,FALSE
"TMEM191C",0.366772534606837,0.158443051370468,FALSE
"TMEM201",0.620067446725583,0.253197374351613,TRUE
"TMEM237",0.656111531002709,0.210648351523909,TRUE
"TMEM252",0.364105232110788,0.17809565551827,FALSE
"TMEM59",0.426372384210328,0.181948123514759,FALSE
"TMEM88",0.635915308047705,0.227588447787514,TRUE
"TMEM9B",0.403786002109185,0.0857411758552017,FALSE
"TMOD1",0.398039041646538,0.150615834182731,FALSE
"TMPO",0.558227033543785,0.119543845986443,FALSE
"TMPO.AS1",0.631904015868407,0.167707075802613,TRUE
"TMPOP2",0.567369885731178,0.256176887648904,FALSE
"TNFRSF1A",0.377815215442096,0.104768011587591,FALSE
"TNS2",0.388946283289138,0.165498668548865,FALSE
"TONSL",0.606884690928326,0.276040108185375,TRUE
"TOP2A",0.92560310598286,0.299592227075311,TRUE
"TOP6BL",0.417343791459426,0.181110775687101,FALSE
"TOPBP1",0.686506481629402,0.179177547134903,TRUE
"TP73",0.415015118854815,0.0676160590614591,FALSE
"TPGS2",0.472252174788767,0.142725257425432,FALSE
"TPM3",0.475739871528823,0.250994194826948,FALSE
"TPX2",0.923189300957511,0.323362210030367,TRUE
"TRA2B",0.43922581729974,0.128458839204985,FALSE
"TRAIP",0.778999494437683,0.329057916477548,TRUE
"TRAM1L1",0.419381148978467,0.16881122471035,FALSE
"TRIM31",0.404050675643543,0.21292634646843,FALSE
"TRIM45",0.56664067422836,0.18068024438446,FALSE
"TRIM59",0.740091008599703,0.281464627397769,TRUE
"TRIP13",0.872057075833381,0.338498244772764,TRUE
"TRMT6",0.41879045424009,0.204083412513396,FALSE
"TROAP",0.902785394895695,0.333932391379779,TRUE
"TSC22D3",0.470460152628592,0.248668696672342,FALSE
"TSEN54",0.46557488552975,0.21959773597869,FALSE
"TSPAN31",0.391532969479996,0.215192900732879,FALSE
"TTF2",0.604816231427437,0.158271077804443,TRUE
"TTI1",0.457915432575592,0.0894773915234452,FALSE
"TTK",0.912507176006203,0.326112208080759,TRUE
"TUBAP2",0.521848475927589,0.101251984508617,FALSE
"TUBG1",0.59576117671398,0.170729823079639,FALSE
"TULP3",0.399039664198629,0.206265587055406,FALSE
"TWF2.DT",0.530737083496343,0.249478414240572,FALSE
"TXNIP",0.302481015530625,0.149625783497668,FALSE
"TYMS",0.730755937161545,0.136609507757823,FALSE
"UBA2",0.549034254076916,0.229394834826163,FALSE
"UBAP2",0.517478323036683,0.254917815917869,FALSE
"UBE2C",0.844896694081978,0.335700772752635,TRUE
"UBE2D3",0.496607636015241,0.182455437544946,FALSE
"UBE2QL1",0.450042677385892,0.222408878372976,FALSE
"UBE2S",0.606206428074006,0.241646772714091,TRUE
"UBE2T",0.802244250980913,0.324910945203135,TRUE
"UBE2Z",0.416396060417799,0.179720264961533,FALSE
"UCK2",0.48405046104761,0.26850191685194,FALSE
"UFSP2",0.385624976166368,0.20109113038408,FALSE
"UGT8",0.422705896953522,0.151132219591764,FALSE
"UHRF1",0.867888845342247,0.275711503671849,TRUE
"UNG",0.389859876409532,0.0824001913387319,FALSE
"UNK",0.512432461765171,0.1466549632797,FALSE
"UPF3B",0.414108067104875,0.0669207741337703,FALSE
"UPK3A",0.428924057010346,0.226331082193064,FALSE
"UQCRC2",0.488949816893372,0.281449038716652,FALSE
"USP1",0.615143644409305,0.106910701580757,FALSE
"USP39",0.472895535406764,0.147260239001143,FALSE
"UTP18",0.453285042478716,0.139032854574891,FALSE
"VHL",0.55165933702001,0.270196986588582,FALSE
"VIL1",0.388204417005793,0.0584894610030389,FALSE
"VIPR1",0.520974406190396,0.301017612613774,FALSE
"VRK1",0.615269429162008,0.152802610982873,TRUE
"VWF",0.503334407453108,0.212514255281718,FALSE
"WASF1",0.530919829076404,0.191918700110765,FALSE
"WASIR2",0.417567772528777,0.15044294275454,FALSE
"WDHD1",0.856288428723485,0.26093187835786,TRUE
"WDR38",0.31467774092325,0.167927049261913,FALSE
"WDR53",0.356139343444952,0.164013363662435,FALSE
"WDR62",0.869219038605884,0.296539640473875,TRUE
"WDR76",0.805624052104443,0.260410134675836,TRUE
"WDR88",0.365488301248169,0.150660895339446,FALSE
"XNDC1N",0.416208606491642,0.1537167072584,FALSE
"XRCC2",0.8952483707365,0.340402048002173,TRUE
"XRCC3",0.695086795914186,0.190720313471267,TRUE
"YJEFN3",0.412853388225925,0.115215085983379,FALSE
"YWHAQ",0.465867633078207,0.101010164242106,FALSE
"ZBTB12",0.635038354638737,0.186125142092976,TRUE
"ZBTB7C",0.460253675702189,0.252197128084536,FALSE
"ZC2HC1A",0.381133500074582,0.169708630842702,FALSE
"ZC2HC1C",0.444525877316533,0.130726352086717,FALSE
"ZCCHC3",0.437770409974249,0.197312558904076,FALSE
"ZFP69B",0.437613345265012,0.154913848355311,FALSE
"ZGRF1",0.545076946335826,0.109898051452025,FALSE
"ZIC2",0.405650119161978,0.242388898872219,FALSE
"ZIC5",0.47615782454188,0.265623489657244,FALSE
"ZKSCAN3",0.377052741595249,0.213138165356145,FALSE
"ZMYM3",0.438076990059568,0.144760987138986,FALSE
"ZMYND10",0.350642240369917,0.0922593464354095,FALSE
"ZNF133",0.406754529297701,0.162816868594578,FALSE
"ZNF18",0.472634341475454,0.145291959104208,FALSE
"ZNF207",0.587382454617565,0.2463247042125,FALSE
"ZNF248",0.461305000349455,0.063099872056649,FALSE
"ZNF273",0.575279074740213,0.178204514892868,FALSE
"ZNF296",0.505771685469219,0.246439474236872,FALSE
"ZNF330",0.416247942988719,0.226393611989596,FALSE
"ZNF335",0.389821601454828,0.137310353901174,FALSE
"ZNF346",0.351941116216666,0.258287433533247,FALSE
"ZNF367",0.495977105941577,0.0540485377369352,FALSE
"ZNF473",0.406001140749497,0.194956559179692,FALSE
"ZNF486",0.336935069834872,0.0677430040806437,FALSE
"ZNF519",0.574398743596285,0.191089264771101,FALSE
"ZNF530",0.527026431373354,0.215366261260826,FALSE
"ZNF589",0.445342033310691,0.294073905917971,FALSE
"ZNF605",0.499137731325554,0.229706593834153,FALSE
"ZNF620",0.483171589338485,0.220239997183377,FALSE
"ZNF678",0.362982434571471,0.170387396655109,FALSE
"ZNF695",0.525741489837552,0.21234298035534,FALSE
"ZNF724",0.59518543265265,0.20591951825819,FALSE
"ZNF730",0.482974841000651,0.0931541375917712,FALSE
"ZNF738",0.580932123989351,0.179944518933123,FALSE
"ZNF789",0.406488242878177,0.147609384904275,FALSE
"ZNF792",0.515512656131139,0.237876236525553,FALSE
"ZNF878",0.385831412158381,0.107466248071882,FALSE
"ZNF883",0.418059909497759,0.189652558887936,FALSE
"ZNF90",0.500233384381786,0.138420801032881,FALSE
"ZNF93",0.616832426957006,0.256530187363264,TRUE
"ZSCAN20",0.423107424450601,0.203281267351023,FALSE
"ZWILCH",0.727394067296637,0.255092001883317,TRUE
"ZWINT",0.886297416304123,0.279198626027742,TRUE
